Datetime,Water Level (m)
2025-03-06 18:00:00,-0.22339696
2025-03-06 19:00:00,-0.35465685
2025-03-06 20:00:00,-0.43878493
2025-03-06 21:00:00,-0.42989507
2025-03-06 22:00:00,-0.32542735
2025-03-06 23:00:00,-0.19919218
2025-03-07 00:00:00,-0.07476019
2025-03-07 01:00:00,0.0042894837
2025-03-07 02:00:00,-0.013925345
2025-03-07 03:00:00,-0.102614656
2025-03-07 04:00:00,-0.20988767
2025-03-07 05:00:00,-0.3333471
2025-03-07 06:00:00,-0.4484952
2025-03-07 07:00:00,-0.5544626
2025-03-07 08:00:00,-0.62037945
2025-03-07 09:00:00,-0.59040916
2025-03-07 10:00:00,-0.46803543
2025-03-07 11:00:00,-0.32368833
2025-03-07 12:00:00,-0.1473303
2025-03-07 13:00:00,0.013043583
2025-03-07 14:00:00,0.12655987
2025-03-07 15:00:00,0.16928111
2025-03-07 16:00:00,0.11893213
2025-03-07 17:00:00,0.014962017
2025-03-07 18:00:00,-0.10087394
2025-03-07 19:00:00,-0.2247331
2025-03-07 20:00:00,-0.34098935
2025-03-07 21:00:00,-0.42538768
2025-03-07 22:00:00,-0.44361606
2025-03-07 23:00:00,-0.37970358
2025-03-08 00:00:00,-0.29268003
2025-03-08 01:00:00,-0.20214878
2025-03-08 02:00:00,-0.14019072
2025-03-08 03:00:00,-0.13330731
2025-03-08 04:00:00,-0.18164106
2025-03-08 05:00:00,-0.25387982
2025-03-08 06:00:00,-0.3429217
2025-03-08 07:00:00,-0.43179274
2025-03-08 08:00:00,-0.51716596
2025-03-08 09:00:00,-0.5792172
2025-03-08 10:00:00,-0.586137
2025-03-08 11:00:00,-0.5003206
2025-03-08 12:00:00,-0.37829798
2025-03-08 13:00:00,-0.22889842
2025-03-08 14:00:00,-0.07224604
2025-03-08 15:00:00,0.060533006
2025-03-08 16:00:00,0.14510618
2025-03-08 17:00:00,0.15525694
2025-03-08 18:00:00,0.07953956
2025-03-08 19:00:00,-0.027471347
2025-03-08 20:00:00,-0.1460907
2025-03-08 21:00:00,-0.26788226
2025-03-08 22:00:00,-0.37918043
2025-03-08 23:00:00,-0.45907575
2025-03-09 00:00:00,-0.49454004
2025-03-09 01:00:00,-0.44597316
2025-03-09 02:00:00,-0.35528013
2025-03-09 03:00:00,-0.26080295
2025-03-09 04:00:00,-0.17216368
2025-03-09 05:00:00,-0.12322144
2025-03-09 06:00:00,-0.14616856
2025-03-09 07:00:00,-0.22199
2025-03-09 08:00:00,-0.31588674
2025-03-09 09:00:00,-0.41469386
2025-03-09 10:00:00,-0.51168036
2025-03-09 11:00:00,-0.58599526
2025-03-09 12:00:00,-0.5917001
2025-03-09 13:00:00,-0.48491
2025-03-09 14:00:00,-0.34760687
2025-03-09 15:00:00,-0.17868991
2025-03-09 16:00:00,-0.010742495
2025-03-09 17:00:00,0.123543434
2025-03-09 18:00:00,0.1867036
2025-03-09 19:00:00,0.13883598
2025-03-09 20:00:00,0.02403925
2025-03-09 21:00:00,-0.102701485
2025-03-09 22:00:00,-0.24259536
2025-03-09 23:00:00,-0.37500998
2025-03-10 00:00:00,-0.48948017
2025-03-10 01:00:00,-0.561802
2025-03-10 02:00:00,-0.5335603
2025-03-10 03:00:00,-0.4219226
2025-03-10 04:00:00,-0.2947102
2025-03-10 05:00:00,-0.16019158
2025-03-10 06:00:00,-0.066399224
2025-03-10 07:00:00,-0.055718843
2025-03-10 08:00:00,-0.13714816
2025-03-10 09:00:00,-0.23923331
2025-03-10 10:00:00,-0.3578909
2025-03-10 11:00:00,-0.47171772
2025-03-10 12:00:00,-0.5745279
2025-03-10 13:00:00,-0.6203381
2025-03-10 14:00:00,-0.5301899
2025-03-10 15:00:00,-0.38088545
2025-03-10 16:00:00,-0.19343242
2025-03-10 17:00:00,0.0019119162
2025-03-10 18:00:00,0.16267583
2025-03-10 19:00:00,0.23563777
2025-03-10 20:00:00,0.17982802
2025-03-10 21:00:00,0.052096993
2025-03-10 22:00:00,-0.086718574
2025-03-10 23:00:00,-0.23912151
2025-03-11 00:00:00,-0.3810212
2025-03-11 01:00:00,-0.50972086
2025-03-11 02:00:00,-0.5851726
2025-03-11 03:00:00,-0.52535886
2025-03-11 04:00:00,-0.38666207
2025-03-11 05:00:00,-0.22313629
2025-03-11 06:00:00,-0.062085856
2025-03-11 07:00:00,0.051192485
2025-03-11 08:00:00,0.059003633
2025-03-11 09:00:00,-0.03785408
2025-03-11 10:00:00,-0.15325882
2025-03-11 11:00:00,-0.2860774
2025-03-11 12:00:00,-0.414199
2025-03-11 13:00:00,-0.53182524
2025-03-11 14:00:00,-0.57991505
2025-03-11 15:00:00,-0.47231072
2025-03-11 16:00:00,-0.30857083
2025-03-11 17:00:00,-0.10299355
2025-03-11 18:00:00,0.10248936
2025-03-11 19:00:00,0.2650282
2025-03-11 20:00:00,0.32711086
2025-03-11 21:00:00,0.24635305
2025-03-11 22:00:00,0.1073836
2025-03-11 23:00:00,-0.04436108
2025-03-12 00:00:00,-0.20850597
2025-03-12 01:00:00,-0.3566518
2025-03-12 02:00:00,-0.48680252
2025-03-12 03:00:00,-0.5305283
2025-03-12 04:00:00,-0.40980783
2025-03-12 05:00:00,-0.23953208
2025-03-12 06:00:00,-0.047996648
2025-03-12 07:00:00,0.1270395
2025-03-12 08:00:00,0.22517231
2025-03-12 09:00:00,0.19128035
2025-03-12 10:00:00,0.07091381
2025-03-12 11:00:00,-0.063794084
2025-03-12 12:00:00,-0.21483901
2025-03-12 13:00:00,-0.35708398
2025-03-12 14:00:00,-0.47649947
2025-03-12 15:00:00,-0.4925407
2025-03-12 16:00:00,-0.33845446
2025-03-12 17:00:00,-0.13829556
2025-03-12 18:00:00,0.08969416
